夢の世界 Lv.1,夢の世界 Lv.2,夢の世界 Lv.3,夢の世界 Lv.4,夢の世界 Lv.5,夢の世界 Lv.6,夢の世界 Lv.7,夢の世界 Lv.8,夢の世界 Lv.9,夢の世界 Lv.10,夢の世界 Lv.11,夢の世界 Lv.12,夢の世界 Lv.13,夢の世界 Lv.14,夢の世界 Lv.15,夢の世界 Lv.16,夢の世界 Lv.17,夢の世界 Lv.18,夢の世界 Lv.19,夢の世界 Lv.20,＠
①読まない作り方,②お湯張り線探し,③小袋出さずにお湯投入,④足りないお湯,⑤うっかりかやく忘れ,⑥温め逃したソース,⑦勝手に開くフタ,⑧何分たったっけ？,⑨流しがべこっ,⑩シンクへ放たれる麺,⑪フタ裏にかやく,⑫失踪!青のり袋,⑬貰い忘れた割りばし,⑭混ぜる手にこもる力,⑮沈みゆくかやく,⑯むせる一口目,⑰曇るメガネ,⑱笑顔に光る青のり,⑲手に残るにおい,⑳ごちそうさま！,＠
天魔界 Lv.1,天魔界 Lv.2,天魔界 Lv.3,天魔界 Lv.4,天魔界 Lv.5,天魔界 Lv.6,天魔界 Lv.7,天魔界 Lv.8,天魔界 Lv.9,天魔界 Lv.10,天魔界 Lv.11,天魔界 Lv.12,天魔界 Lv.13,天魔界 Lv.14,天魔界 Lv.15,天魔界 Lv.16,天魔界 Lv.17,天魔界 Lv.18,天魔界 Lv.19,天魔界 Lv.20,＠
天聖界 Lv.1,天聖界 Lv.2,天聖界 Lv.3,天聖界 Lv.4,天聖界 Lv.5,天聖界 Lv.6,天聖界 Lv.7,天聖界 Lv.8,天聖界 Lv.9,天聖界 Lv.10,天聖界 Lv.11,天聖界 Lv.12,天聖界 Lv.13,天聖界 Lv.14,天聖界 Lv.15,天聖界 Lv.16,天聖界 Lv.17,天聖界 Lv.18,天聖界 Lv.19,天聖界 Lv.20,＠
癒術士と仲間たち Lv.1,癒術士と仲間たち Lv.2,癒術士と仲間たち Lv.3,癒術士と仲間たち Lv.4,癒術士と仲間たち Lv.5,癒術士と仲間たち Lv.6,癒術士と仲間たち Lv.7,癒術士と仲間たち Lv.8,癒術士と仲間たち Lv.9,癒術士と仲間たち Lv.10,癒術士と仲間たち Lv.11,癒術士と仲間たち Lv.12,癒術士と仲間たち Lv.13,癒術士と仲間たち Lv.14,癒術士と仲間たち Lv.15,癒術士と仲間たち Lv.16,癒術士と仲間たち Lv.17,癒術士と仲間たち Lv.18,癒術士と仲間たち Lv.19,癒術士と仲間たち Lv.20,＠
