古代の呪い,＠,　,　,　,　,　,　,　,　,　,　,　,　,
ピラフ大草原,ニャンダルメシアン,アンニン峠,アヒージョ高原,パスタ砂丘,ルーロウ丘陵,＠,　,　,　,　,　,　,　,　,　,　,　,　,
コサ民遺跡,デンジロー海原,山賊かぶれ,くりくりくぼみ,スリルの談笑,ジャン・グール,＠,　,　,　,　,　,　,　,　,　,　,　,　,
マリネタウン,さすらいのホラガイ,パルカッチョ海溝,ウツボボ海底火山,暁フロンターレ,ルツボー渦,＠,　,　,　,　,　,　,　,　,　,　,　,　,
ビッチビチ漁場,反抗的経済水域,カマトロ防波堤,怪獣ショー岩窟,タツノコ浜,イカス岬,＠,　,　,　,　,　,　,　,　,　,　,　,　,
ガチガチ暗黒兵器,かわいい壁画,サンシャイン洞窟,鍾乳石イルミネーション,ゲッソリ性悪説,まったり地底湖,＠,
リコピンの夜更け,メトロポリスオアシス,はりぼて摩天楼,ならず者の黄昏,コンクリートオーシャン,無人駅の決闘,＠,
イグサ塔,カウガール監獄,N.G.牧場,ハンチング山,ビクビク高原,デッドリボルバー渓谷,＠,
シロマグロ海岸,究極兵器トド,ドジョウ破り,ウミネコ湾岸,べろべろ沼,おれおれサギ,＠,
コオロギイデオロギー,穴ぐらの最高権力者,人民とにんじん,密告者軍団,亡命前夜の奇襲,レッドキャット作戦,＠,
溶岩温浴,音速火砕流,灰の雨、愛のため,頂の大賢者,暴虐カルデラ,スーパーボルケーノ,＠,
へんな讃美歌,練乳修洞窟の乙女,良いノリの祈り,ルサンチマンの森,おしゃべり世捨て人,原始に宿る魂,＠,
イワロック岩礁,オウム貝の墓場,海より還りし亡者,人面魚の渚,らくだ岸壁,視界なき死海,＠,
贖罪バカンス,プライベート熱帯雨林,無礼講ナイトビーチ,１３番ホールの住人,昇天スパマッサージ,ホテル花鳥風月,＠,
毛皮をかき揚げて,マーメイドのあんかけ,帝王の教室,バタバタ大黒柱,潔癖症の番人,絶対近視区域,＠,
胸騒ぎ玄関,ごろ寝廊下,酔いどれリビング,きちんとキッチン,まちぶせ風呂,子羊の寝室,＠,
有限会社湯気,粘り気シャワー,立ちっぱなしサウナ,冷徹水風呂,海坊主の家,デカ番台,＠,
枯れた集落,深爪を負った夜,がらんどうの岩肌,過言の滝,落とされた欲と垢,本能に従順な山伏,＠,
なぎさの猛攻,不殺の釣り堀,トリトンの洞穴,いさりびヘッド,ブラッディ波止場,マルチテトラポッド,＠,
学園紛争遺跡,一匹しかいない水槽,購買部を牛耳る鬼,校長先生の反逆,鐘のマークを集めし者,校則と罰則,＠,
毛深き坑道,楽しい強制労働,ガス吸う鳥,星々を映す地下水,大崩落パニック,スコップ一つに賭す命,＠,
プロレタリアの箱,倒れてないか見る仕事,不動のコンベア,VIP倉庫,反乱スクラップ,天へと昇る煙突,＠
魔犬の遠吠え,犬も歩けばボーン,転んだ先の毒沼,石の上に三分,乗りかかった泥船,ミイラトリガーミイラ,＠
権力と万有引力,エナジー奴隷,民の手の松明,アットホーム恐怖政治,無断呼吸禁止法,玉座に牙むく群衆,＠
人力ルームランナー,倍返しサンドバッグ,プロテイン粉末吸引,無酸素エアロバイク,逆立ちサウナ,レイクサイドブートキャンプ,＠
カレー彗星,イカロスの本能,虹の橋の通行料,プラネタリウムラブ,流星大踊り,星座になったネコども,＠
王子様の出てくる森,歌うま姫の家,邪悪な美魔女の城,ガラスの靴下,仮面武道会,幸せに暮らしました,＠
フラスコ岳,人体模型林,ホルマリンマリーナ,知識に溺れる者の沼,プレパラートの橋,炎上する青,＠
眠りの洞穴,こぢんまり故人,死者のセカンドライフ,荒らされた墓石,ボタニカル埋葬,骨身にしみる水,＠