-1,	//0セット(アイテム)
-1,	//1セット(アイテム)
-1,	//2セット(アイテム)
-1,	//3セット(アイテム)
-1,	//4セット(アイテム)
-1,	//5セット(アイテム)
-1,	//6セット(アイテム)
-1,	//7セット(アイテム)
-1,	//8セット(アイテム)
-1,	//9セット(アイテム)
-1,	//10セット(アイテム)
-1,	//11セット(アイテム)
-1,	//12セット(アイテム)
-1,	//13セット(アイテム)
-1,	//14セット(アイテム)
-1,	//15セット(アイテム)
-1,	//16セット(アイテム)
-1,	//17セット(アイテム)
-1,	//18セット(アイテム)
-1,	//19セット(アイテム)
-1,	//20セット(アイテム)
-1,	//21セット(アイテム)
-1,	//22セット(アイテム)
-1,	//23セット(アイテム)
-1,	//24セット(アイテム)
-1,	//25セット(アイテム)
-1,	//26セット(アイテム)
-1,	//27セット(アイテム)
-1,	//28セット(アイテム)
-1,	//29セット(アイテム)
-1,	//30セット(アイテム)
-1,	//31セット(アイテム)
-1,	//32セット(アイテム)
-1,	//33セット(アイテム)
-1,	//34セット(アイテム)
-1,	//35セット(アイテム)
-1,	//36セット(アイテム)
-1,	//37セット(アイテム)
-1,	//38セット(アイテム)
-1,	//39セット(アイテム)
-1,	//40セット(アイテム)
-1,	//41セット(アイテム)
-1,	//42セット(アイテム)
-1,	//43セット(アイテム)
-1,	//44セット(アイテム)
-1,	//45セット(アイテム)
-1,	//46セット(アイテム)
-1,	//47セット(アイテム)
-1,	//48セット(アイテム)
-1,	//49セット(アイテム)
-1,	//50セット(アイテム)
-1,	//51セット(アイテム)
-1,	//52セット(アイテム)
-1,	//53セット(アイテム)
-1,	//54セット(アイテム)
-1,	//55セット(アイテム)
-1,	//56セット(アイテム)
-1,	//57セット(アイテム)
-1,	//58セット(アイテム)
-1,	//59セット(アイテム)
-1,	//60セット(アイテム)
-1,	//61セット(アイテム)
-1,	//62セット(アイテム)
-1,	//63セット(アイテム)
-1,	//64セット(アイテム)
-1,	//65セット(アイテム)
-1,	//66セット(アイテム)
-1,	//67セット(アイテム)
-1,	//68セット(アイテム)
-1,	//69セット(アイテム)
-1,	//70セット(アイテム)
-1,	//71セット(アイテム)
-1,	//72セット(アイテム)
-1,	//73セット(アイテム)
-1,	//74セット(アイテム)
-1,	//75セット(アイテム)
-1,	//76セット(アイテム)
-1,	//77セット(アイテム)
-1,	//78セット(アイテム)
-1,	//79セット(アイテム)
-1,	//80セット(アイテム)
-1,	//81セット(アイテム)
-1,	//82セット(アイテム)
-1,	//83セット(アイテム)
-1,	//84セット(アイテム)
-1,	//85セット(アイテム)
-1,	//86セット(アイテム)
-1,	//87セット(アイテム)
-1,	//88セット(アイテム)
-1,	//89セット(アイテム)
-1,	//90セット(アイテム)
-1,	//91セット(アイテム)
-1,	//92セット(アイテム)
-1,	//93セット(アイテム)
-1,	//94セット(アイテム)
-1,	//95セット(アイテム)
-1,	//96セット(アイテム)
-1,	//97セット(アイテム)
-1,	//98セット(アイテム)
-1,	//99セット(アイテム)
-1,	//100セット(アイテム)
-1,	//101セット（アイテム）
-1,	//102セット（アイテム）
-1,	//103セット（アイテム）
-1,	//104セット（アイテム）
-1,	//105セット（アイテム）
-1,	//106セット（アイテム）
-1,	//107セット（アイテム）
-1,	//108セット（アイテム）
-1,	//109セット（アイテム）
-1,	//110セット（アイテム）
-1,	//111セット（アイテム）
-1,	//112セット（アイテム）
-1,	//113セット（アイテム）
-1,	//114セット（アイテム）
-1,	//115セット（アイテム）
-1,	//116セット（アイテム）
-1,	//117セット（アイテム）
-1,	//118セット（アイテム）
-1,	//119セット（アイテム）
-1,	//120セット（アイテム）
-1,	//121セット（アイテム）
-1,	//122セット（アイテム）
-1,	//123セット（アイテム）
-1,	//124セット（アイテム）
-1,	//125セット（アイテム）
-1,	//126セット（アイテム）
-1,	//127セット（アイテム）
-1,	//128セット（アイテム）
-1,	//129セット（アイテム）
-1,	//130セット（アイテム）
-1,	//131セット（アイテム）
-1,	//132セット（アイテム）
-1,	//133セット（アイテム）
-1,	//134セット（アイテム）
-1,	//135セット（アイテム）
-1,	//136セット（アイテム）
-1,	//137セット（アイテム）
-1,	//138セット（アイテム）
-1,	//139セット（アイテム）
-1,	//140セット（アイテム）
-1,	//141セット（アイテム）
-1,	//142セット（アイテム）
-1,	//143セット（アイテム）
-1,	//144セット（アイテム）
-1,	//145セット（アイテム）
-1,	//146セット（アイテム）
-1,	//147セット（アイテム）
-1,	//148セット（アイテム）
-1,	//149セット（アイテム）
-1,	//150セット（アイテム）
-1,	//151セット（アイテム）
-1,	//152セット（アイテム）
-1,	//153セット（アイテム）
-1,	//154セット（アイテム）
-1,	//155セット（アイテム）
-1,	//156セット（アイテム）
-1,	//157セット（アイテム）
-1,	//158セット（アイテム）
-1,	//159セット（アイテム）
-1,	//160セット（アイテム）
-1,	//161セット（アイテム）
-1,	//162セット（アイテム）
-1,	//163セット（アイテム）
-1,	//164セット（アイテム）
-1,	//165セット（アイテム）
-1,	//166セット（アイテム）
-1,	//167セット（アイテム）
-1,	//168セット（アイテム）
-1,	//169セット（アイテム）
-1,	//170セット（アイテム）
-1,	//171セット（アイテム）
-1,	//172セット（アイテム）
-1,	//173セット（アイテム）
-1,	//174セット（アイテム）
-1,	//175セット（アイテム）
-1,	//176セット（アイテム）
-1,	//177セット（アイテム）
-1,	//178セット（アイテム）
-1,	//179セット（アイテム）
-1,	//180セット（アイテム）
-1,	//181セット（アイテム）
-1,	//182セット（アイテム）
-1,	//183セット（アイテム）
-1,	//184セット（アイテム）
-1,	//185セット（アイテム）
-1,	//186セット（アイテム）
-1,	//187セット（アイテム）
-1,	//188セット（アイテム）
-1,	//189セット（アイテム）
-1,	//190セット（アイテム）
-1,	//191セット（アイテム）
-1,	//192セット（アイテム）
-1,	//193セット（アイテム）
-1,	//194セット（アイテム）
-1,	//195セット（アイテム）
-1,	//196セット（アイテム）
-1,	//197セット（アイテム）
-1,	//198セット（アイテム）
-1,	//199セット（アイテム）
-1,	//200セット（アイテム）
-1,	//201セット（アイテム）
-1,	//202セット（アイテム）
-1,	//203セット（アイテム）
-1,	//204セット（アイテム）
-1,	//205セット（アイテム）
-1,	//206セット（アイテム）
-1,	//207セット（アイテム）
-1,	//208セット（アイテム）
-1,	//209セット（アイテム）
-1,	//210セット（アイテム）
-1,	//211セット（アイテム）
-1,	//212セット（アイテム）
-1,	//213セット（アイテム）
-1,	//214セット（アイテム）
-1,	//215セット（アイテム）
-1,	//216セット（アイテム）
-1,	//217セット（アイテム）
-1,	//218セット（アイテム）
-1,	//219セット（アイテム）
-1,	//220セット（アイテム）
-1,	//221セット（アイテム）
-1,	//222セット（アイテム）
-1,	//223セット（アイテム）
-1,	//224セット（アイテム）
-1,	//225セット（アイテム）
-1,	//226セット（アイテム）
-1,	//227セット（アイテム）
-1,	//228セット（アイテム）
-1,	//229セット（アイテム）
-1,	//230セット（アイテム）
-1,	//231セット（アイテム）
-1,	//232セット（アイテム）
-1,	//233セット（アイテム）
-1,	//234セット（アイテム）
-1,	//235セット（アイテム）
-1,	//236セット（アイテム）
-1,	//237セット（アイテム）
-1,	//238セット（アイテム）
-1,	//239セット（アイテム）
-1,	//240セット（アイテム）
-1,	//241セット（アイテム）
-1,	//242セット（アイテム）
-1,	//243セット（アイテム）
-1,	//244セット（アイテム）
-1,	//245セット（アイテム）
-1,	//246セット（アイテム）
-1,	//247セット（アイテム）
-1,	//248セット（アイテム）
-1,	//249セット（アイテム）
-1,	//250セット（アイテム）
-1,	//251セット（アイテム）
-1,	//252セット（アイテム）
-1,	//253セット（アイテム）
-1,	//254セット（アイテム）
-1,	//255セット（アイテム）
-1,	//256セット（アイテム）
-1,	//257セット（アイテム）
-1,	//258セット（アイテム）
-1,	//259セット（アイテム）
-1,	//260セット（アイテム）
-1,	//261セット（アイテム）
-1,	//262セット（アイテム）
-1,	//263セット（アイテム）
-1,	//264セット（アイテム）
-1,	//265セット（アイテム）
-1,	//266セット（アイテム）
-1,	//267セット（アイテム）
-1,	//268セット（アイテム）
-1,	//269セット（アイテム）
-1,	//270セット（アイテム）
-1,	//271セット（アイテム）
-1,	//272セット（アイテム）
-1,	//273セット（アイテム）
-1,	//274セット（アイテム）
-1,	//275セット（アイテム）
-1,	//276セット（アイテム）
-1,	//277セット（アイテム）
-1,	//278セット（アイテム）
-1,	//279セット（アイテム）
-1,	//280セット（アイテム）
-1,	//281セット（アイテム）
-1,	//282セット（アイテム）
-1,	//283セット（アイテム）
-1,	//284セット（アイテム）
-1,	//285セット（アイテム）
-1,	//286セット（アイテム）
-1,	//287セット（アイテム）
-1,	//288セット（アイテム）
-1,	//289セット（アイテム）
-1,	//290セット（アイテム）
-1,	//291セット（アイテム）
-1,	//292セット（アイテム）
-1,	//293セット（アイテム）
-1,	//294セット（アイテム）
-1,	//295セット（アイテム）
-1,	//296セット（アイテム）
-1,	//297セット（アイテム）
-1,	//298セット（アイテム）
-1,	//299セット（アイテム）
-1,	//300セット（アイテム）
-1,	//301セット（アイテム）
-1,	//302セット（アイテム）
-1,	//303セット（アイテム）
-1,	//304セット（アイテム）
-1,	//305セット（アイテム）
-1,	//306セット（アイテム）
-1,	//307セット（アイテム）
-1,	//308セット（アイテム）
-1,	//309セット（アイテム）
-1,	//310セット（アイテム）
-1,	//311セット（アイテム）
-1,	//312セット（アイテム）
-1,	//312セット（アイテム）
-1,	//314セット（アイテム）
-1,	//315セット（アイテム）
-1,	//316セット（アイテム）
-1,	//317セット（アイテム）
-1,	//318セット（アイテム）
-1,	//319セット（アイテム）
-1,	//320セット（アイテム）
-1,	//321セット（アイテム）
-1,	//322セット（アイテム）
-1,	//323セット（アイテム）
-1,	//324セット（アイテム）
-1,	//325セット（アイテム）
-1,	//326セット（アイテム）
-1,	//327セット（アイテム）
-1,	//328セット（アイテム）
-1,	//329セット（アイテム）
-1,	//330セット（アイテム）
-1,	//331セット（アイテム）
-1,	//332セット（アイテム）
-1,	//333セット（アイテム）
-1,	//334セット（アイテム）
-1,	//335セット（アイテム）
-1,	//336セット（アイテム）
-1,	//337セット（アイテム）
-1,	//338セット（アイテム）
-1,	//339セット（アイテム）
-1,	//340セット（アイテム）
-1,	//341セット（アイテム）
-1,	//342セット（アイテム）
-1,	//343セット（アイテム）
-1,	//344セット（アイテム）
-1,	//345セット（アイテム）
-1,	//346セット（アイテム）
-1,	//347セット（アイテム）
-1,	//348セット（アイテム）
-1,	//349セット（アイテム）
-1,	//350セット（アイテム）
-1,	//351セット（アイテム）
-1,	//352セット（アイテム）
-1,	//353セット（アイテム）
-1,	//354セット（アイテム）
-1,	//355セット（アイテム）
-1,	//356セット（アイテム）
-1,	//357セット（アイテム）
-1,	//358セット（アイテム）
-1,	//359セット（アイテム）
-1,	//360セット（アイテム）
-1,	//361セット（アイテム）
-1,	//362セット（アイテム）
-1,	//363セット（アイテム）
-1,	//364セット（アイテム）
-1,	//365セット（アイテム）
-1,	//366セット（アイテム）
-1,	//367セット（アイテム）
-1,	//368セット（アイテム）
-1,	//369セット（アイテム）
-1,	//370セット（アイテム）
-1,	//371セット（アイテム）
-1,	//372セット（アイテム）
-1,	//373セット（アイテム）
-1,	//374セット（アイテム）
-1,	//375セット（アイテム）
-1,	//376セット（アイテム）
-1,	//377セット（アイテム）
-1,	//378セット（アイテム）
-1,	//379セット（アイテム）
-1,	//380セット（アイテム）
-1,	//381セット（アイテム）
-1,	//382セット（アイテム）
-1,	//383セット（アイテム）
-1,	//384セット（アイテム）
-1,	//385セット（アイテム）
-1,	//386セット（アイテム）
-1,	//387セット（アイテム）
-1,	//388セット（アイテム）
-1,	//389セット（アイテム）
-1,	//390セット（アイテム）
-1,	//391セット（アイテム）
-1,	//392セット（アイテム）
-1,	//393セット（アイテム）
-1,	//394セット（アイテム）
-1,	//395セット（アイテム）
-1,	//396セット（アイテム）
-1,	//397セット（アイテム）
-1,	//398セット（アイテム）
-1,	//399セット（アイテム）
-1,	//400セット（アイテム）
-1,	//401セット（アイテム）
-1,	//402セット（アイテム）
-1,	//403セット（アイテム）
-1,	//404セット（アイテム）
-1,	//405セット（アイテム）
-1,	//406セット（アイテム）
-1,	//407セット（アイテム）
-1,	//408セット（アイテム）
-1,	//409セット（アイテム）
-1,	//410セット（アイテム）
-1,	//411セット（アイテム）
-1,	//412セット（アイテム）
-1,	//413セット（アイテム）
-1,	//414セット（アイテム）
-1,	//415セット（アイテム）
-1,	//416セット（アイテム）
-1,	//417セット（アイテム）
-1,	//418セット（アイテム）
-1,	//419セット（アイテム）
-1,	//420セット（アイテム）
-1,	//421セット（アイテム）
-1,	//422セット（アイテム）
-1,	//423セット（アイテム）
-1,	//424セット（アイテム）
-1,	//425セット（アイテム）
-1,	//426セット（アイテム）
-1,	//427セット（アイテム）
-1,	//428セット（アイテム）
-1,	//429セット（アイテム）
-1,	//430セット（アイテム）
-1,	//431セット（アイテム）
-1,	//432セット（アイテム）
-1,	//433セット（アイテム）
-1,	//434セット（アイテム）
-1,	//435セット（アイテム）
-1,	//436セット（アイテム）
-1,	//437セット（アイテム）
-1,	//438セット（アイテム）
-1,	//439セット（アイテム）
-1,	//440セット（アイテム）
-1,	//441セット（アイテム）
-1,	//442セット（アイテム）
-1,	//443セット（アイテム）
-1,	//444セット（アイテム）
-1,	//445セット（アイテム）
-1,	//446セット（アイテム）
-1,	//447セット（アイテム）
-1,	//448セット（アイテム）
-1,	//449セット（アイテム）
-1,	//450セット（アイテム）
-1,	//451セット（アイテム）
-1,	//452セット（アイテム）
-1,	//453セット（アイテム）
-1,	//454セット（アイテム）
-1,	//455セット（アイテム）
-1,	//456セット（アイテム）
-1,	//457セット（アイテム）
-1,	//458セット（アイテム）
-1,	//459セット（アイテム）
-1,	//460セット（アイテム）
-1,	//461セット（アイテム）
-1,	//462セット（アイテム）
-1,	//463セット（アイテム）
-1,	//464セット（アイテム）
-1,	//465セット（アイテム）
-1,	//466セット（アイテム）
-1,	//467セット（アイテム）
-1,	//468セット（アイテム）
-1,	//469セット（アイテム）
-1,	//470セット（アイテム）
-1,	//471セット（アイテム）
-1,	//472セット（アイテム）
-1,	//473セット（アイテム）
-1,	//474セット（アイテム）
-1,	//475セット（アイテム）
-1,	//476セット（アイテム）
-1,	//477セット（アイテム）
-1,	//478セット（アイテム）
-1,	//479セット（アイテム）
-1,	//480セット（アイテム）
-1,	//481セット（アイテム）
-1,	//482セット（アイテム）
-1,	//483セット（アイテム）
-1,	//484セット（アイテム）
-1,	//485セット（アイテム）
-1,	//486セット（アイテム）
-1,	//487セット（アイテム）
-1,	//488セット（アイテム）
-1,	//489セット（アイテム）
-1,	//490セット（アイテム）
-1,	//491セット（アイテム）
-1,	//492セット（アイテム）
-1,	//493セット（アイテム）
-1,	//494セット（アイテム）
-1,	//495セット（アイテム）
-1,	//496セット（アイテム）
-1,	//497セット（アイテム）
-1,	//498セット（アイテム）
-1,	//499セット（アイテム）
-1,	//500セット（アイテム）
-1,	//501セット（アイテム）
-1,	//502セット（アイテム）
-1,	//503セット（アイテム）
-1,	//504セット（アイテム）
-1,	//505セット（アイテム）
-1,	//506セット（アイテム）
-1,	//507セット（アイテム）
-1,	//508セット（アイテム）
-1,	//509セット（アイテム）
-1,	//510セット（アイテム）
-1,	//511セット（アイテム）
-1,	//512セット（アイテム）
-1,	//513セット（アイテム）
-1,	//514セット（アイテム）
-1,	//515セット（アイテム）
-1,	//516セット（アイテム）
-1,	//517セット（アイテム）
-1,	//518セット（アイテム）
-1,	//519セット（アイテム）
-1,	//520セット（アイテム）
-1,	//521セット（アイテム）
-1,	//522セット（アイテム）
-1,	//523セット（アイテム）
-1,	//524セット（アイテム）
-1,	//525セット（アイテム）
-1,	//526セット（アイテム）
-1,	//527セット（アイテム）
-1,	//528セット（アイテム）
-1,	//529セット（アイテム）
-1,	//530セット（アイテム）
-1,	//531セット（アイテム）
-1,	//532セット（アイテム）
-1,	//533セット（アイテム）
-1,	//534セット（アイテム）
-1,	//535セット（アイテム）
-1,	//536セット（アイテム）
-1,	//537セット（アイテム）
-1,	//538セット（アイテム）
-1,	//539セット（アイテム）
-1,	//540セット（アイテム）
-1,	//541セット（アイテム）
-1,	//542セット（アイテム）
-1,	//543セット（アイテム）
-1,	//544セット（アイテム）
-1,	//545セット（アイテム）
